{
  "clicks": [
    {
      "id": "autozoom-0",
      "time": 1752671853.0388496,
      "x": 516.0,
      "y": 330.0,
      "width": 1920,
      "height": 1200,
      "zoomLevel": 2.0,
      "duration": 2.0,
      "type": "autozoom"
    },
    {
      "id": "autozoom-1",
      "time": 1752671860.2334518,
      "x": 419.0,
      "y": 508.0,
      "width": 1920,
      "height": 1200,
      "zoomLevel": 2.0,
      "duration": 2.0,
      "type": "autozoom"
    }
  ],
  "width": 1920,
  "height": 1200,
  "duration": 16.971205234527588,
  "fps": 30,
  "zoomFactor": 2.0,
  "zoomTime": 1.0,
  "idleTime": 1.0,
  "totalClicks": 2,
  "exportedAt": 1752671864.8913653
}