{
  "clicks": [
    {
      "id": "autozoom-0",
      "time": 1752124258.7140722,
      "x": 1346.0,
      "y": 391.0,
      "width": 1938,
      "height": 1158,
      "zoomLevel": 2.0,
      "duration": 2.0,
      "type": "autozoom"
    },
    {
      "id": "autozoom-1",
      "time": 1752124259.5696962,
      "x": 1617.0,
      "y": 302.0,
      "width": 1938,
      "height": 1158,
      "zoomLevel": 2.0,
      "duration": 2.0,
      "type": "autozoom"
    },
    {
      "id": "autozoom-2",
      "time": 1752124269.6741116,
      "x": 1205.0,
      "y": 1060.0,
      "width": 1938,
      "height": 1158,
      "zoomLevel": 2.0,
      "duration": 2.0,
      "type": "autozoom"
    },
    {
      "id": "autozoom-3",
      "time": 1752124275.921532,
      "x": 525.0,
      "y": 564.0,
      "width": 1938,
      "height": 1158,
      "zoomLevel": 2.0,
      "duration": 2.0,
      "type": "autozoom"
    }
  ],
  "width": 1938,
  "height": 1158,
  "duration": 19.1703462600708,
  "fps": 30,
  "zoomFactor": 2.0,
  "zoomTime": 1.0,
  "idleTime": 1.0,
  "totalClicks": 4,
  "exportedAt": 1752124288.6916301
}